<?xml version="1.0" encoding="UTF-8"?>
<project-private xmlns="http://www.netbeans.org/ns/project-private/1">
    <editor-bookmarks xmlns="http://www.netbeans.org/ns/editor-bookmarks/2" lastBookmarkId="0"/>
    <open-files xmlns="http://www.netbeans.org/ns/projectui-open-files/2">
        <group>
            <file>file:/D:/Users/lavanya.bejugam/Documents/NetBeansProjects/ECommerceApplication/src/DomainLayer/Enum/LoginPageChoice.java</file>
            <file>file:/D:/Users/lavanya.bejugam/Documents/NetBeansProjects/ECommerceApplication/src/RepositoryLayer/UserRepo.java</file>
            <file>file:/D:/Users/lavanya.bejugam/Documents/NetBeansProjects/ECommerceApplication/src/DomainLayer/StringLiterals.java</file>
            <file>file:/D:/Users/lavanya.bejugam/Documents/NetBeansProjects/ECommerceApplication/src/BusinessLayer/AuthenticationBusiness.java</file>
            <file>file:/D:/Users/lavanya.bejugam/Documents/NetBeansProjects/ECommerceApplication/src/ecommerceapplication/Authentication.java</file>
            <file>file:/D:/Users/lavanya.bejugam/Documents/NetBeansProjects/ECommerceApplication/src/ecommerceapplication/AdminOperations.java</file>
        </group>
    </open-files>
</project-private>
